"product_id","units_sold","revenue"
"8189224517706.0",450,307047.89999999973
"8189224714314.0",30,76194.90000000004
"8189224386634.0",60,53156.99999999995
"8189224648778.0",30,21155.7
"nan",30,6101.099999999998
