product_id,units_sold,revenue,rank
8189224517706,450,307047.89999999973,1
8189224714314,30,76194.90000000004,2
8189224386634,60,53156.99999999995,3
8189224648778,30,21155.7,4
-1,30,6101.099999999998,5
