"product_id","revenue","revenue_ratio","pareto_flag"
"8189224517706.0",307047.89999999973,0.6622312720233033,"Top 80%"
"8189224714314.0",76194.90000000004,0.8265660404704689,"Bottom 20%"
"8189224386634.0",53156.99999999995,0.941213389392063,"Bottom 20%"
"8189224648778.0",21155.7,0.9868413390427312,"Bottom 20%"
"nan",6101.099999999998,1,"Bottom 20%"
