"order_month","order_count","total_revenue","avg_order_value"
"2026-01",8,1061,132.6250000000000000
"2026-02",11,1802,163.8181818181818182
"2026-03",14,2324,166.0000000000000000
"2026-04",32,5250,164.0625000000000000
"2026-05",30,4698,156.6000000000000000
"2026-06",29,4375,150.8620689655172414
"2026-07",16,2870,179.3750000000000000
"2026-08",7,1647,235.2857142857142857
"2026-09",6,904,150.6666666666666667
